Programmation C : initiation a la programmation : programmation   : 230 DT : 120 minutes : algorithmique, architecture       : Ali ben Hamza
Base de donnee  : Fondamentaux des SGBDR        : SQL et BD       : 130 DT : 150 minutes : algorithmique, access             : Mohssen Abidi
Jquery AJAx     : Les bases de JQUERY AJAX      : JQUERY et XML   : 150 DT : 200 minutes : Javascript, programmation         : Nidhal ben Ferjani
Web dynamique   : Programmation web PHP 5       : Web cote server : 180 DT : 260 minutes : algorithmique, web, client/server : Amine elGzel
Programmation C : initiation a la programmation : programmation   : 230 DT : 120 minutes : algorithmique, architecture       : Ali ben Hamza
Base de donnee  : Fondamentaux des SGBDR        : SQL et BD       : 130 DT : 150 minutes : algorithmique, access             : Mohssen Abidi
Jquery AJAx     : Les bases de JQUERY AJAX      : JQUERY et XML   : 150 DT : 200 minutes : Javascript, programmation         : Nidhal ben Ferjani
Web dynamique   : Programmation web PHP 5       : Web cote server : 180 DT : 260 minutes : algorithmique, web, client/server : Amine elGzel
Programmation C : initiation a la programmation : programmation   : 230 DT : 120 minutes : algorithmique, architecture       : Ali ben Hamza
Base de donnee  : Fondamentaux des SGBDR        : SQL et BD       : 130 DT : 150 minutes : algorithmique, access             : Mohssen Abidi
Jquery AJAx     : Les bases de JQUERY AJAX      : JQUERY et XML   : 150 DT : 200 minutes : Javascript, programmation         : Nidhal ben Ferjani
Web dynamique   : Programmation web PHP 5       : Web cote server : 180 DT : 260 minutes : algorithmique, web, client/server : Amine elGzel
Programmation C : initiation a la programmation : programmation   : 230 DT : 120 minutes : algorithmique, architecture       : Ali ben Hamza
Base de donnee  : Fondamentaux des SGBDR        : SQL et BD       : 130 DT : 150 minutes : algorithmique, access             : Mohssen Abidi
Jquery AJAx     : Les bases de JQUERY AJAX      : JQUERY et XML   : 150 DT : 200 minutes : Javascript, programmation         : Nidhal ben Ferjani
Web dynamique   : Programmation web PHP 5       : Web cote server : 180 DT : 260 minutes : algorithmique, web, client/server : Amine elGzel
Programmation C : initiation a la programmation : programmation   : 230 DT : 120 minutes : algorithmique, architecture       : Ali ben Hamza
Base de donnee  : Fondamentaux des SGBDR        : SQL et BD       : 130 DT : 150 minutes : algorithmique, access             : Mohssen Abidi
Jquery AJAx     : Les bases de JQUERY AJAX      : JQUERY et XML   : 150 DT : 200 minutes : Javascript, programmation         : Nidhal ben Ferjani
Web dynamique   : Programmation web PHP 5       : Web cote server : 180 DT : 260 minutes : algorithmique, web, client/server : Amine elGzel
